id,first_name,last_name,email,gender,ip_address
1,Elijah,Blees,eblees0@loc.gov,M,204.149.209.122
2,Boonie,Cullingford,bcullingford1@hexun.com,M,123.109.214.184
3,Tessie,Seccombe,tseccombe2@domainmarket.com,F,29.33.36.112
4,Nari,Strang,nstrang3@sbwire.com,F,34.60.194.222
5,Arturo,Perrin,aperrin4@moonfruit.com,M,249.131.127.82
6,Piggy,Yell,pyell5@infoseek.co.jp,M,19.143.51.44
7,Fallon,Meeland,fmeeland6@eventbrite.com,F,118.57.254.178
8,Larry,Pounder,lpounder7@purevolume.com,M,28.54.5.194
9,Janifer,Kubicka,jkubicka8@cafepress.com,F,27.201.51.178
10,Robby,McGibbon,rmcgibbon9@redcross.org,F,46.209.58.65
11,Andonis,Undrill,aundrilla@ask.com,M,106.31.77.20
12,Jordanna,O'Duggan,jodugganb@jimdo.com,F,52.58.34.212
13,Stan,Belli,sbellic@pagesperso-orange.fr,M,225.128.83.34
14,Tod,Franceschielli,tfranceschiellid@toplist.cz,M,191.143.53.138
15,Nicky,Pedersen,npedersene@rediff.com,M,107.40.216.158
16,Vinson,Slowgrove,vslowgrovef@facebook.com,M,9.25.138.76
17,Norrie,Peck,npeckg@jugem.jp,M,158.118.97.185
18,Lydia,Francombe,lfrancombeh@nymag.com,F,28.246.46.253
19,Vallie,Bardnam,vbardnami@ask.com,F,127.196.196.245
20,Corny,Crollman,ccrollmanj@icio.us,M,178.85.199.228
21,Jody,Headings,jheadingsk@ycombinator.com,M,43.207.120.163
22,Breanne,Jardin,bjardinl@auda.org.au,F,188.225.28.73
23,Merola,Feild,mfeildm@va.gov,F,201.134.84.105
24,Sonya,Weins,sweinsn@diigo.com,F,196.245.158.211
25,Quentin,Rigeby,qrigebyo@adobe.com,M,195.175.102.96
26,Mart,Merner,mmernerp@about.me,M,92.149.113.178
27,Fred,Jacquemot,fjacquemotq@gov.uk,M,215.244.172.150
28,Stanly,Slorach,sslorachr@wordpress.com,M,98.118.255.34
29,Benji,Stark,bstarks@so-net.ne.jp,M,202.134.36.18
30,Quincey,Marzello,qmarzellot@home.pl,M,55.91.252.219
31,Kali,Raymont,kraymontu@noaa.gov,F,206.251.180.189
32,Vincents,Plaistowe,vplaistowev@about.me,M,74.97.146.198
33,Horst,Garbott,hgarbottw@china.com.cn,M,25.51.62.109
34,Harper,Assender,hassenderx@bigcartel.com,M,56.223.53.185
35,Haze,Shelvey,hshelveyy@un.org,M,251.123.114.132
36,Benton,Norman,bnormanz@cbsnews.com,M,10.244.227.255
37,Bayard,Levett,blevett10@cnet.com,M,184.149.227.140
38,Alethea,Ickovitz,aickovitz11@delicious.com,F,194.108.157.70
39,Koren,Vasilik,kvasilik12@xing.com,F,5.254.177.61
40,Alic,Champion,achampion13@tiny.cc,M,204.38.1.244
41,Delilah,Howieson,dhowieson14@theglobeandmail.com,F,252.141.128.110
42,Lucila,Dorton,ldorton15@ucla.edu,F,174.159.91.38
43,Erroll,Vlahos,evlahos16@apple.com,M,220.61.3.250
44,Harlin,Minor,hminor17@bbb.org,M,23.13.114.229
45,Marna,Sheridan,msheridan18@yellowpages.com,F,25.218.115.133
46,Franciska,Dielhenn,fdielhenn19@hubpages.com,F,189.112.121.133
47,Gabie,Arendt,garendt1a@shutterfly.com,M,119.156.245.19
48,Ebba,Sherreard,esherreard1b@meetup.com,F,254.60.23.196
49,Denyse,Crehan,dcrehan1c@amazon.com,F,97.247.184.196
50,Nobe,Khomich,nkhomich1d@yellowpages.com,M,202.22.98.68
51,Joellyn,Beenham,jbeenham1e@4shared.com,F,73.90.173.15
52,Osbert,Thying,othying1f@liveinternet.ru,M,233.133.38.204
53,Evvie,MacDonough,emacdonough1g@jimdo.com,F,54.36.159.87
54,Clareta,Simka,csimka1h@aboutads.info,F,101.131.241.223
55,Abdel,Lambillion,alambillion1i@earthlink.net,M,151.144.51.148
56,Barclay,Albery,balbery1j@gmpg.org,M,215.140.164.177
57,Elissa,MacDearmont,emacdearmont1k@ucsd.edu,F,63.144.190.204
58,Novelia,Lowres,nlowres1l@icio.us,F,171.177.10.45
59,Derick,Poizer,dpoizer1m@prnewswire.com,M,144.61.64.179
60,Earl,Strafen,estrafen1n@diigo.com,M,19.230.116.253
61,Esdras,Mealing,emealing1o@smugmug.com,M,12.102.190.42
62,Lauren,Rea,lrea1p@admin.ch,F,111.89.26.161
63,Dale,Sambath,dsambath1q@mysql.com,F,155.31.63.3
64,Faber,Wilmott,fwilmott1r@hubpages.com,M,237.32.201.18
65,Merry,Yashin,myashin1s@geocities.com,F,196.131.0.89
66,Nara,Davydychev,ndavydychev1t@goo.gl,F,67.231.227.196
67,Rockie,Humpatch,rhumpatch1u@webeden.co.uk,M,62.173.84.211
68,Nobe,Springford,nspringford1v@jiathis.com,M,63.170.104.75
69,Massimo,Jochanany,mjochanany1w@amazon.com,M,207.216.71.69
70,Pearline,Wines,pwines1x@wufoo.com,F,92.129.25.209
71,Evyn,Hebard,ehebard1y@prweb.com,M,254.227.127.6
72,Faythe,Storrar,fstorrar1z@netscape.com,F,210.11.41.31
73,Jed,Diament,jdiament20@netlog.com,M,127.156.30.141
74,Zebulon,Hirjak,zhirjak21@usa.gov,M,244.36.143.232
75,Cahra,Etherson,cetherson22@shutterfly.com,F,110.138.236.84
76,Dex,Maddyson,dmaddyson23@ftc.gov,M,149.243.110.19
77,Maighdiln,Geraudel,mgeraudel24@cisco.com,F,128.171.144.139
78,Orv,Luty,oluty25@acquirethisname.com,M,43.35.151.22
79,Mariam,Balassi,mbalassi26@people.com.cn,F,151.57.136.77
80,Marilee,Cluer,mcluer27@ovh.net,F,202.113.194.34
81,Aurthur,Biddulph,abiddulph28@jugem.jp,M,187.17.169.11
82,Cindee,Girardini,cgirardini29@bbc.co.uk,F,186.198.90.227
83,Brenn,Robertis,brobertis2a@archive.org,F,178.65.50.124
84,Jennine,Briereton,jbriereton2b@forbes.com,F,98.46.30.225
85,Silvia,Parmer,sparmer2c@vimeo.com,F,223.203.226.241
86,Phineas,Cubley,pcubley2d@washingtonpost.com,M,140.156.64.143
87,Alejandro,Comini,acomini2e@cocolog-nifty.com,M,220.220.171.194
88,Markus,Circuitt,mcircuitt2f@over-blog.com,M,47.248.114.214
89,Fremont,Caulder,fcaulder2g@hatena.ne.jp,M,109.68.161.33
90,Anni,Levinge,alevinge2h@amazonaws.com,F,137.226.198.226
91,Karen,Maliphant,kmaliphant2i@a8.net,F,249.50.241.182
92,Ervin,Dodswell,edodswell2j@drupal.org,M,211.239.54.71
93,Darlleen,Arrow,darrow2k@de.vu,F,196.27.252.84
94,Phyllis,GiacobbiniJacob,pgiacobbinijacob2l@weebly.com,F,171.67.91.2
95,Sharl,Tinkler,stinkler2m@arstechnica.com,F,19.104.246.247
96,Carroll,Lippi,clippi2n@sbwire.com,M,87.25.198.3
97,Horton,Crosskill,hcrosskill2o@privacy.gov.au,M,169.77.168.185
98,Nikos,Brimilcome,nbrimilcome2p@sfgate.com,M,247.131.30.177
99,Trudi,Strong,tstrong2q@booking.com,F,190.246.87.127
100,Hartwell,Heales,hheales2r@360.cn,M,201.68.255.201
101,Viviene,Haslegrave,vhaslegrave2s@ftc.gov,F,21.197.113.59
102,Merrie,Ralston,mralston2t@artisteer.com,F,103.40.143.114
103,Layney,Furlong,lfurlong2u@nature.com,F,23.118.112.92
104,Nevins,Tomley,ntomley2v@berkeley.edu,M,56.27.111.83
105,Wang,Jolliss,wjolliss2w@163.com,M,49.94.228.165
106,Eduino,MacRury,emacrury2x@freewebs.com,M,93.112.72.165
107,Maureene,Culpan,mculpan2y@cdc.gov,F,152.206.27.43
108,Marline,Ferrieres,mferrieres2z@linkedin.com,F,138.50.32.29
109,Josee,Skahill,jskahill30@hhs.gov,F,4.153.43.3
110,Siobhan,Lohoar,slohoar31@rambler.ru,F,143.1.91.56
111,Beryl,Hildred,bhildred32@wired.com,F,145.8.219.70
112,Cosimo,Volks,cvolks33@dailymail.co.uk,M,58.128.61.30
113,Bone,Flaxman,bflaxman34@ifeng.com,M,186.47.55.228
114,Boigie,Mumm,bmumm35@photobucket.com,M,191.60.56.153
115,Miriam,Hambrook,mhambrook36@comsenz.com,F,242.78.75.241
116,Jandy,Stenett,jstenett37@infoseek.co.jp,F,207.193.0.71
117,Dudley,Petrelli,dpetrelli38@google.com,M,26.230.84.249
118,Sheelagh,Spurdon,sspurdon39@skype.com,F,237.214.39.183
119,Farlay,Oehm,foehm3a@etsy.com,M,223.82.95.206
120,Cherish,Godfree,cgodfree3b@dyndns.org,F,201.107.215.120
121,Danya,Govett,dgovett3c@prlog.org,F,241.45.182.219
122,Keri,Bourdas,kbourdas3d@freewebs.com,F,230.110.153.112
123,Corby,Hamber,chamber3e@slate.com,M,212.207.253.216
124,Munmro,Kuzemka,mkuzemka3f@walmart.com,M,101.69.86.209
125,Morly,Whyler,mwhyler3g@harvard.edu,M,255.131.245.228
126,Monti,Ivanovic,mivanovic3h@typepad.com,M,32.203.37.54
127,Deane,Bowshire,dbowshire3i@youtu.be,M,21.101.53.70
128,Hedy,Rogier,hrogier3j@sakura.ne.jp,F,102.174.18.150
129,Dominique,Colquite,dcolquite3k@instagram.com,M,153.4.15.107
130,Tulley,Moncaster,tmoncaster3l@t-online.de,M,162.250.229.239
131,Chanda,McOrkil,cmcorkil3m@godaddy.com,F,48.226.221.179
132,Agnella,Loftie,aloftie3n@rakuten.co.jp,F,230.196.184.219
133,Silvia,Nizard,snizard3o@blinklist.com,F,24.0.39.69
134,Laurent,Johnston,ljohnston3p@accuweather.com,M,166.123.45.37
135,Dinny,Dassindale,ddassindale3q@go.com,F,169.37.17.65
136,Dniren,Wallbrook,dwallbrook3r@abc.net.au,F,164.106.166.29
137,Reamonn,Manlow,rmanlow3s@aol.com,M,122.242.200.238
138,Adrianne,Patemore,apatemore3t@github.io,F,169.90.135.148
139,Hector,Buttress,hbuttress3u@businessinsider.com,M,74.12.116.110
140,Pren,Manneville,pmanneville3v@independent.co.uk,M,166.176.147.153
141,Tore,Filliskirk,tfilliskirk3w@ftc.gov,M,2.185.215.105
142,Giana,Thomassen,gthomassen3x@github.io,F,220.164.213.77
143,Georas,Faragher,gfaragher3y@bizjournals.com,M,150.138.62.3
144,Kelvin,Menzies,kmenzies3z@constantcontact.com,M,98.142.140.158
145,Isador,Skeemer,iskeemer40@scientificamerican.com,M,103.218.161.127
146,Delilah,Tewkesbury,dtewkesbury41@zimbio.com,F,69.175.39.109
147,Crista,Murby,cmurby42@boston.com,F,116.116.90.55
148,Marcellina,Wakenshaw,mwakenshaw43@smh.com.au,F,162.154.13.1
149,Chandler,Piddlesden,cpiddlesden44@deliciousdays.com,M,249.36.123.185
150,Victor,Grishenkov,vgrishenkov45@telegraph.co.uk,M,240.149.170.82
151,Fair,Gorke,fgorke46@live.com,M,57.132.248.251
152,Irene,Correa,icorrea47@mit.edu,F,91.162.148.221
153,Jessa,Scoullar,jscoullar48@netvibes.com,F,201.180.170.72
154,Tam,Housaman,thousaman49@posterous.com,M,251.91.101.42
155,Jenifer,Antoniewski,jantoniewski4a@pinterest.com,F,20.85.237.218
156,Carolin,Claesens,cclaesens4b@themeforest.net,F,35.200.134.186
157,Ceciley,Donnan,cdonnan4c@nytimes.com,F,66.177.201.47
158,Analise,Benneyworth,abenneyworth4d@nymag.com,F,49.53.60.72
159,Cathyleen,Rosoman,crosoman4e@desdev.cn,F,146.178.130.50
160,Harli,Fieldsend,hfieldsend4f@addthis.com,F,141.20.188.61
161,Cull,Devanney,cdevanney4g@fastcompany.com,M,192.93.219.144
162,Magdalene,Rissom,mrissom4h@youtube.com,F,68.66.170.171
163,Alida,Noon,anoon4i@joomla.org,F,15.86.69.161
164,Neill,Elven,nelven4j@mapy.cz,M,194.211.83.155
165,Nathanael,Flynn,nflynn4k@about.com,M,201.170.121.246
166,Tessy,Risborough,trisborough4l@imgur.com,F,118.155.66.109
167,Tera,Hardingham,thardingham4m@dropbox.com,F,83.154.58.218
168,Jeffry,Yakushkin,jyakushkin4n@unblog.fr,M,20.66.207.153
169,Finlay,Gunner,fgunner4o@google.co.jp,M,157.103.176.102
170,Aridatha,Carmody,acarmody4p@amazon.co.jp,F,203.76.211.216
171,Gigi,Fidgeon,gfidgeon4q@ftc.gov,F,81.147.156.79
172,Thorin,Barok,tbarok4r@tamu.edu,M,114.162.12.191
173,Armin,Presnell,apresnell4s@wunderground.com,M,193.186.79.115
174,Florella,Tomczak,ftomczak4t@goodreads.com,F,50.56.246.28
175,Tedra,Dowle,tdowle4u@bbc.co.uk,F,149.202.174.215
176,Gabriel,Mandy,gmandy4v@google.co.jp,F,126.106.132.219
177,Gratiana,Stockdale,gstockdale4w@odnoklassniki.ru,F,143.228.4.67
178,Glynn,Antyshev,gantyshev4x@studiopress.com,M,222.249.203.236
179,Chane,Biglin,cbiglin4y@alexa.com,M,139.205.142.204
180,Consolata,Edgecombe,cedgecombe4z@soup.io,F,227.132.241.225
181,Opalina,Langan,olangan50@intel.com,F,156.127.139.145
182,Ethelda,Muffen,emuffen51@dmoz.org,F,102.215.34.62
183,Sean,Tourner,stourner52@timesonline.co.uk,M,96.34.95.133
184,Lind,Putson,lputson53@360.cn,F,65.88.107.146
185,Jayson,Bavin,jbavin54@dailymotion.com,M,191.46.208.150
186,Ruddy,Paff,rpaff55@behance.net,M,25.50.250.9
187,Kylie,Reville,kreville56@timesonline.co.uk,M,229.132.219.125
188,Damaris,Sickamore,dsickamore57@berkeley.edu,F,11.230.186.31
189,Trix,Bloom,tbloom58@instagram.com,F,116.70.82.100
190,Paulette,Lumox,plumox59@hhs.gov,F,128.54.129.155
191,Jackie,Hold,jhold5a@so-net.ne.jp,M,78.16.243.162
192,Cybil,Rasell,crasell5b@berkeley.edu,F,184.180.38.35
193,Kaleb,Clyant,kclyant5c@quantcast.com,M,145.36.105.116
194,Tabby,Delacourt,tdelacourt5d@a8.net,M,142.59.140.156
195,Shanan,Bossons,sbossons5e@nps.gov,M,119.42.135.120
196,Lura,Meach,lmeach5f@princeton.edu,F,92.141.147.231
197,Robbie,Coaker,rcoaker5g@fda.gov,M,180.79.91.101
198,Loree,Hakonsson,lhakonsson5h@cbsnews.com,F,227.6.244.167
199,Sutherland,Mixon,smixon5i@nytimes.com,M,120.6.117.243
200,Clayborne,Skittrell,cskittrell5j@elpais.com,M,184.1.34.157
201,Maggie,Leddie,mleddie5k@linkedin.com,F,174.243.10.120
202,Nicole,Krimmer,nkrimmer5l@sohu.com,F,94.163.160.73
203,Aksel,Orritt,aorritt5m@usgs.gov,M,60.176.151.41
204,Debora,Dickson,ddickson5n@mashable.com,F,235.240.216.88
205,Cindra,Handlin,chandlin5o@pen.io,F,122.68.243.224
206,Brittan,Renny,brenny5p@cpanel.net,F,122.229.212.163
207,Sheba,Matignon,smatignon5q@umich.edu,F,19.46.133.242
208,Zollie,Cicco,zcicco5r@reference.com,M,133.207.105.34
209,Brigida,Jakubovski,bjakubovski5s@npr.org,F,85.208.154.153
210,Aldis,Witchalls,awitchalls5t@php.net,M,136.220.239.19
211,Maje,Cornelissen,mcornelissen5u@last.fm,M,138.5.15.140
212,Phillis,Copp,pcopp5v@clickbank.net,F,225.174.220.253
213,Karol,Kybbye,kkybbye5w@studiopress.com,F,63.113.138.77
214,Hilly,Bergeon,hbergeon5x@amazon.de,M,87.165.122.87
215,Gerrard,Farquhar,gfarquhar5y@cam.ac.uk,M,212.48.219.127
216,Noemi,Forsyth,nforsyth5z@networksolutions.com,F,221.189.11.81
217,Vincenz,Pinch,vpinch60@xinhuanet.com,M,167.223.96.111
218,Ludovika,Sambell,lsambell61@amazonaws.com,F,57.95.150.134
219,Elianore,Cotterell,ecotterell62@hexun.com,F,229.49.241.43
220,Candie,Rosenfelder,crosenfelder63@altervista.org,F,150.233.206.34
221,Krissy,Astin,kastin64@state.tx.us,F,218.115.55.222
222,Juanita,Pascow,jpascow65@discuz.net,F,58.162.185.92
223,Valentino,Allcorn,vallcorn66@livejournal.com,M,142.222.226.95
224,Kenton,Rraundl,krraundl67@booking.com,M,10.34.233.159
225,Lowrance,Holbie,lholbie68@toplist.cz,M,152.33.8.228
226,Skye,Lansly,slansly69@ucoz.com,M,215.236.43.25
227,Robena,Whitwell,rwhitwell6a@prnewswire.com,F,239.208.94.34
228,Deck,Hurler,dhurler6b@zimbio.com,M,52.34.144.185
229,Marcille,De Bellis,mdebellis6c@msn.com,F,78.190.151.175
230,Eleonore,Kirsopp,ekirsopp6d@wufoo.com,F,239.213.239.15
231,Crawford,Bergeau,cbergeau6e@home.pl,M,168.151.156.187
232,Obie,Marklow,omarklow6f@bloglines.com,M,93.2.123.190
233,Karyl,Guerrier,kguerrier6g@thetimes.co.uk,F,97.164.93.226
234,Gayla,Arnaldo,garnaldo6h@hubpages.com,F,156.245.198.191
235,Shaw,Kinrade,skinrade6i@myspace.com,M,109.74.239.197
236,Alonzo,Stoeck,astoeck6j@hatena.ne.jp,M,205.153.3.110
237,Erick,Clapison,eclapison6k@washington.edu,M,143.193.175.255
238,Kacie,Braithwait,kbraithwait6l@soup.io,F,214.134.54.2
239,Roth,Goulbourn,rgoulbourn6m@elegantthemes.com,M,119.108.117.252
240,Abraham,Coneley,aconeley6n@geocities.com,M,85.140.130.186
241,Rusty,McNeice,rmcneice6o@cam.ac.uk,M,244.158.175.76
242,Dall,Miell,dmiell6p@google.fr,M,157.218.240.233
243,Danie,Cotherill,dcotherill6q@ycombinator.com,M,2.91.115.211
244,Irwinn,Ayrton,iayrton6r@weather.com,M,254.194.133.178
245,Adriena,Eyles,aeyles6s@slashdot.org,F,153.217.33.201
246,Thorstein,Attock,tattock6t@accuweather.com,M,170.132.146.11
247,Consuela,Blinco,cblinco6u@columbia.edu,F,167.20.223.199
248,Aylmer,Van Dalen,avandalen6v@newyorker.com,M,117.190.144.215
249,Trixie,Scocroft,tscocroft6w@umich.edu,F,14.5.72.10
250,Addy,Henken,ahenken6x@cargocollective.com,F,35.87.193.247
251,Rebekkah,Tolworth,rtolworth6y@reuters.com,F,172.112.49.60
252,Alla,Stride,astride6z@squidoo.com,F,138.8.14.31
253,Zandra,Innwood,zinnwood70@google.nl,F,164.206.172.255
254,Kaylee,Biasetti,kbiasetti71@adobe.com,F,53.218.84.230
255,Gavin,Vogeller,gvogeller72@ftc.gov,M,68.38.79.234
256,Erna,Metcalf,emetcalf73@jimdo.com,F,163.175.105.126
257,Farly,Dawby,fdawby74@ebay.com,M,135.30.80.29
258,Frasier,Mergue,fmergue75@123-reg.co.uk,M,186.178.253.174
259,Isadora,Littefair,ilittefair76@cyberchimps.com,F,139.11.125.149
260,Cybil,Hurran,churran77@theglobeandmail.com,F,121.243.22.194
261,Keelia,Kinnaird,kkinnaird78@narod.ru,F,15.7.176.246
262,Alain,Tremeer,atremeer79@hhs.gov,M,133.100.132.38
263,Trev,Duckworth,tduckworth7a@delicious.com,M,12.43.166.110
264,Dorice,Hassett,dhassett7b@state.tx.us,F,133.184.198.67
265,Lynda,Fraine,lfraine7c@lulu.com,F,200.158.122.75
266,Kevon,Lomasney,klomasney7d@sun.com,M,141.215.32.69
267,Odele,Tunn,otunn7e@flickr.com,F,226.170.10.206
268,Phyllys,Soro,psoro7f@jugem.jp,F,196.219.81.56
269,Augustin,MacDonough,amacdonough7g@csmonitor.com,M,117.237.61.77
270,Filberte,Erett,ferett7h@blogger.com,M,36.114.1.107
271,Elmore,Custard,ecustard7i@etsy.com,M,24.253.122.87
272,Belva,Muzzullo,bmuzzullo7j@netlog.com,F,66.197.235.232
273,Webb,Loghan,wloghan7k@infoseek.co.jp,M,169.87.132.65
274,Jabez,Ayars,jayars7l@miibeian.gov.cn,M,95.43.84.7
275,Wiatt,Jaspar,wjaspar7m@freewebs.com,M,157.149.118.186
276,Sheeree,Jacobi,sjacobi7n@globo.com,F,244.40.233.25
277,Sharla,Dunston,sdunston7o@tiny.cc,F,182.122.107.109
278,Genia,Czajka,gczajka7p@ibm.com,F,62.244.24.231
279,Domingo,Aguirre,daguirre7q@opera.com,M,84.134.41.233
280,Teirtza,Smalridge,tsmalridge7r@domainmarket.com,F,55.41.2.92
281,Mar,O'Henecan,mohenecan7s@ucoz.ru,M,220.0.223.86
282,Tildy,Chadburn,tchadburn7t@gravatar.com,F,125.216.141.101
283,Camey,Deneve,cdeneve7u@soup.io,M,177.107.225.150
284,Caty,Bustin,cbustin7v@goodreads.com,F,82.115.117.35
285,Reilly,Huie,rhuie7w@creativecommons.org,M,253.8.118.218
286,Sherwin,Fontell,sfontell7x@vimeo.com,M,75.13.165.75
287,Maynard,Gregolin,mgregolin7y@java.com,M,41.145.34.77
288,Evie,Methley,emethley7z@geocities.com,F,42.27.230.120
289,Emma,Surpliss,esurpliss80@artisteer.com,F,234.216.135.155
290,Gerri,Lloyd-Williams,glloydwilliams81@sbwire.com,F,38.249.220.31
291,Wait,Gatward,wgatward82@theglobeandmail.com,M,34.228.80.44
292,Ronny,Bolesma,rbolesma83@ca.gov,F,37.136.167.246
293,Julius,Lock,jlock84@blogger.com,M,103.190.183.197
294,Cass,Canadine,ccanadine85@typepad.com,F,117.114.110.153
295,Virgil,Linkin,vlinkin86@deviantart.com,M,233.36.209.37
296,Melania,Seydlitz,mseydlitz87@nba.com,F,7.145.17.205
297,Madel,Merrien,mmerrien88@nyu.edu,F,177.53.68.89
298,Shelia,Aldgate,saldgate89@nbcnews.com,F,196.190.87.232
299,Rene,Okey,rokey8a@nhs.uk,F,132.36.176.9
300,Damien,Huitt,dhuitt8b@google.com.br,M,147.151.156.232
301,Louisette,Silman,lsilman8c@salon.com,F,205.180.248.157
302,Nicky,Lattos,nlattos8d@arstechnica.com,M,178.82.6.28
303,Elia,Prosek,eprosek8e@cisco.com,M,16.238.190.68
304,Frasier,Dumbrill,fdumbrill8f@amazonaws.com,M,102.7.120.161
305,Jeanette,Tofano,jtofano8g@squarespace.com,F,130.114.174.114
306,Christa,Couzens,ccouzens8h@admin.ch,F,170.21.204.196
307,Trumann,Krojn,tkrojn8i@loc.gov,M,42.195.155.140
308,Romain,McCarthy,rmccarthy8j@epa.gov,M,25.73.107.16
309,Fremont,Hultberg,fhultberg8k@auda.org.au,M,181.211.102.145
310,Northrup,Langshaw,nlangshaw8l@scientificamerican.com,M,164.126.57.48
311,Adore,Gillibrand,agillibrand8m@twitter.com,F,131.245.168.90
312,Constance,Wasbrough,cwasbrough8n@abc.net.au,F,187.33.63.154
313,Wildon,Humburton,whumburton8o@histats.com,M,197.84.59.146
314,Ric,Livoir,rlivoir8p@godaddy.com,M,194.219.146.205
315,Dore,Suscens,dsuscens8q@intel.com,M,98.94.244.190
316,Kirbie,Aish,kaish8r@upenn.edu,F,185.227.56.195
317,Cornelle,Steaning,csteaning8s@parallels.com,F,105.123.141.208
318,Glenn,Padula,gpadula8t@oracle.com,F,147.255.86.218
319,Paco,Merchant,pmerchant8u@sakura.ne.jp,M,148.159.124.19
320,Corette,Wooderson,cwooderson8v@parallels.com,F,6.84.240.131
321,Lief,Souley,lsouley8w@live.com,M,127.28.179.232
322,Adolf,Reah,areah8x@geocities.jp,M,93.176.22.130
323,Fanchon,Crowter,fcrowter8y@exblog.jp,F,97.86.61.82
324,Kerby,Minney,kminney8z@wordpress.org,M,108.176.109.230
325,Lester,Woodnutt,lwoodnutt90@biblegateway.com,M,29.57.1.229
326,Constancy,Meadowcraft,cmeadowcraft91@photobucket.com,F,20.77.185.206
327,Thorpe,Slixby,tslixby92@senate.gov,M,123.214.232.103
328,Fionnula,Jobern,fjobern93@aboutads.info,F,161.161.78.225
329,Rose,McQuilty,rmcquilty94@netvibes.com,F,3.247.177.104
330,Audi,Carlens,acarlens95@berkeley.edu,F,72.147.59.131
331,Catarina,Allnutt,callnutt96@360.cn,F,113.244.128.82
332,Harv,Toderi,htoderi97@ed.gov,M,171.228.13.118
333,Richard,Denton,rdenton98@opensource.org,M,201.142.215.21
334,Moina,Gauntley,mgauntley99@exblog.jp,F,35.14.26.240
335,Estella,Tale,etale9a@sogou.com,F,30.252.136.138
336,Pippo,Jinks,pjinks9b@wikipedia.org,M,178.218.56.220
337,Lisette,Sima,lsima9c@adobe.com,F,205.151.56.76
338,Bartlet,Dymidowski,bdymidowski9d@bravesites.com,M,19.73.12.117
339,Norbert,Skene,nskene9e@blogger.com,M,14.132.52.177
340,Meta,Weich,mweich9f@usda.gov,F,160.73.24.74
341,Francklyn,Belz,fbelz9g@europa.eu,M,122.189.235.193
342,Earl,Tunmore,etunmore9h@delicious.com,M,191.181.207.155
343,Vincenz,Ottey,vottey9i@skyrock.com,M,88.60.55.120
344,Farly,Bown,fbown9j@godaddy.com,M,115.39.50.225
345,Carma,Yexley,cyexley9k@miitbeian.gov.cn,F,99.231.76.78
346,Cointon,Haw,chaw9l@godaddy.com,M,4.1.18.204
347,Clio,Lovering,clovering9m@businessweek.com,F,253.126.155.226
348,Vicky,Lidgate,vlidgate9n@youtu.be,F,177.229.198.158
349,Homerus,Greensall,hgreensall9o@deviantart.com,M,163.105.202.21
350,Desmond,Chiplen,dchiplen9p@pcworld.com,M,38.6.198.157
351,Rosabel,Brend,rbrend9q@squidoo.com,F,131.195.164.70
352,Florina,Iiannoni,fiiannoni9r@earthlink.net,F,99.125.154.76
353,Silvie,Quinane,squinane9s@java.com,F,166.98.8.0
354,Arri,Anten,aanten9t@sbwire.com,M,239.221.47.116
355,Estell,Verrell,everrell9u@is.gd,F,68.221.71.120
356,Ferguson,Wreiford,fwreiford9v@networksolutions.com,M,133.74.179.64
357,Lorine,Skuse,lskuse9w@telegraph.co.uk,F,176.32.120.158
358,Helene,Crichton,hcrichton9x@time.com,F,100.50.164.94
359,Diann,Favell,dfavell9y@simplemachines.org,F,207.16.113.173
360,Kristo,Innwood,kinnwood9z@dell.com,M,223.237.181.85
361,Sheilakathryn,Brede,sbredea0@icio.us,F,193.161.60.87
362,Buiron,Baroc,bbaroca1@geocities.jp,M,193.120.92.234
363,Howey,Scarborough,hscarborougha2@scientificamerican.com,M,132.104.207.124
364,Myer,Stroder,mstrodera3@toplist.cz,M,210.12.102.238
365,Malchy,Tarquinio,mtarquinioa4@gizmodo.com,M,137.74.223.15
366,Emelen,Dominguez,edomingueza5@mediafire.com,M,0.223.240.213
367,Charlie,Pastor,cpastora6@goo.gl,M,101.51.3.134
368,Charlotte,Kerrich,ckerricha7@vimeo.com,F,123.58.39.14
369,Gustave,Ondrus,gondrusa8@youtu.be,M,251.29.153.65
370,Sharl,Meiklejohn,smeiklejohna9@163.com,F,133.184.52.215
371,Dougie,Djurdjevic,ddjurdjevicaa@trellian.com,M,9.27.121.202
372,Renault,Girardetti,rgirardettiab@booking.com,M,126.29.83.147
373,Daven,Deboick,ddeboickac@wired.com,M,122.175.17.24
374,Leonid,Finlaison,lfinlaisonad@hostgator.com,M,122.214.206.12
375,Torrey,Maryet,tmaryetae@youtu.be,M,159.30.231.251
376,Darla,Brendel,dbrendelaf@google.com.au,F,134.87.165.95
377,Durant,Payle,dpayleag@nytimes.com,M,42.57.83.65
378,Virginie,Sedgefield,vsedgefieldah@tinyurl.com,F,201.111.255.224
379,Griz,Yoodall,gyoodallai@microsoft.com,M,171.169.130.110
380,Thibaud,Arrowsmith,tarrowsmithaj@dion.ne.jp,M,171.225.12.253
381,Koren,Tarzey,ktarzeyak@newsvine.com,F,9.234.3.63
382,Nevsa,Louedey,nlouedeyal@miibeian.gov.cn,F,71.131.36.49
383,Dorie,Peaurt,dpeaurtam@rediff.com,F,0.197.223.117
384,Dugald,Miall,dmiallan@xinhuanet.com,M,18.150.11.125
385,Em,Furnival,efurnivalao@amazon.de,F,64.71.157.152
386,Cathyleen,Tuffell,ctuffellap@wp.com,F,243.48.151.137
387,Shandy,Wiggam,swiggamaq@amazon.com,F,128.44.102.192
388,Finley,Dikle,fdiklear@mozilla.org,M,55.160.113.203
389,Gabby,Haw,ghawas@tinyurl.com,M,9.85.240.167
390,Teddy,Conlon,tconlonat@cbc.ca,M,73.96.2.170
391,Adair,Beaman,abeamanau@cloudflare.com,M,201.38.115.21
392,Brittney,Legate,blegateav@w3.org,F,247.50.213.35
393,Olivette,Purkiss,opurkissaw@sphinn.com,F,74.149.12.39
394,Charin,Downse,cdownseax@vimeo.com,F,115.228.228.74
395,Addie,Pallant,apallantay@techcrunch.com,F,140.33.173.102
396,Jenine,Schanke,jschankeaz@nationalgeographic.com,F,113.232.179.219
397,Job,Janaud,jjanaudb0@princeton.edu,M,226.247.166.36
398,Margy,Trussell,mtrussellb1@squidoo.com,F,109.104.219.137
399,Minor,Sallenger,msallengerb2@nih.gov,M,71.231.168.184
400,Tate,Brason,tbrasonb3@studiopress.com,F,13.7.38.87
401,Hamel,Aggis,haggisb4@com.com,M,250.41.144.206
402,Tiff,Skipton,tskiptonb5@chicagotribune.com,F,128.228.5.12
403,Barton,Fall,bfallb6@weibo.com,M,252.140.238.106
404,Junette,Kyneton,jkynetonb7@dyndns.org,F,25.211.125.42
405,Cybill,Laidel,claidelb8@hatena.ne.jp,F,44.115.24.30
406,Alexi,Blaycock,ablaycockb9@redcross.org,F,164.103.89.88
407,Derwin,Boothman,dboothmanba@utexas.edu,M,111.40.58.53
408,Gery,McMyler,gmcmylerbb@utexas.edu,M,62.9.157.209
409,Giffy,Grise,ggrisebc@weather.com,M,45.16.54.233
410,Bonnie,Bortolazzi,bbortolazzibd@techcrunch.com,F,92.108.34.68
411,Alicia,Divill,adivillbe@aboutads.info,F,28.12.79.253
412,Sergeant,Shayler,sshaylerbf@flickr.com,M,152.139.93.103
413,Barnaby,Berry,bberrybg@narod.ru,M,179.128.191.211
414,Joyan,Puckey,jpuckeybh@simplemachines.org,F,244.181.115.119
415,Norina,Matussow,nmatussowbi@sfgate.com,F,105.13.191.178
416,Rory,Elvey,relveybj@senate.gov,M,195.14.30.59
417,Vivia,Ashdown,vashdownbk@hexun.com,F,79.6.77.149
418,Salvatore,Shyre,sshyrebl@moonfruit.com,M,12.39.221.117
419,Johannes,Lambregts,jlambregtsbm@webmd.com,M,83.217.59.251
420,Joy,Pykett,jpykettbn@google.ca,F,237.161.140.39
421,Dallas,McCarver,dmccarverbo@clickbank.net,F,9.9.210.71
422,Emile,Cripps,ecrippsbp@dropbox.com,M,127.106.127.134
423,Barbaraanne,Whitney,bwhitneybq@edublogs.org,F,150.140.21.182
424,Matilde,Slocum,mslocumbr@latimes.com,F,165.227.1.123
425,Leonerd,Woollett,lwoollettbs@sphinn.com,M,122.172.150.149
426,Jarred,Sumner,jsumnerbt@ow.ly,M,41.200.187.76
427,Allayne,Sarvar,asarvarbu@sourceforge.net,M,211.31.3.110
428,Adelbert,Goodliff,agoodliffbv@imdb.com,M,213.198.97.103
429,Levey,Gedge,lgedgebw@gravatar.com,M,41.6.128.67
430,Paul,Shitliffe,pshitliffebx@tumblr.com,M,43.179.108.65
431,Brendin,Voaden,bvoadenby@mashable.com,M,154.154.142.185
432,Eamon,Hassan,ehassanbz@ebay.com,M,230.176.39.180
433,Harlen,Winship,hwinshipc0@yale.edu,M,188.122.233.76
434,Bibby,Dorrell,bdorrellc1@tiny.cc,F,82.199.164.242
435,Miquela,Beaudry,mbeaudryc2@va.gov,F,179.7.148.171
436,Mathe,Chat,mchatc3@exblog.jp,M,210.5.194.208
437,Kippy,Bewly,kbewlyc4@lulu.com,M,113.119.15.143
438,Townsend,Skews,tskewsc5@shinystat.com,M,44.187.241.176
439,Roland,Luttger,rluttgerc6@squarespace.com,M,193.18.150.128
440,Lurleen,Flook,lflookc7@prweb.com,F,1.69.65.252
441,Chicky,MacNeilage,cmacneilagec8@google.nl,F,176.247.113.102
442,Jozef,Bussell,jbussellc9@thetimes.co.uk,M,59.178.157.245
443,Nigel,Fallens,nfallensca@people.com.cn,M,156.243.10.212
444,Bertrand,Whitcombe,bwhitcombecb@va.gov,M,103.23.209.191
445,Eadie,McKibbin,emckibbincc@wikispaces.com,F,194.163.123.185
446,Ettore,Outridge,eoutridgecd@360.cn,M,130.251.4.134
447,Erika,Ruppertz,eruppertzce@yellowpages.com,F,170.26.196.234
448,Averil,Cubuzzi,acubuzzicf@issuu.com,M,26.58.78.253
449,Danell,Edmans,dedmanscg@plala.or.jp,F,243.172.138.202
450,Elmore,Messier,emessierch@qq.com,M,175.7.100.247
451,Barris,Brideoke,bbrideokeci@infoseek.co.jp,M,199.214.179.228
452,Myrta,Heibel,mheibelcj@bing.com,F,30.91.254.167
453,Jacobo,Haitlie,jhaitlieck@pbs.org,M,154.108.92.2
454,Ernestus,Swedeland,eswedelandcl@t.co,M,85.121.199.144
455,Barnabas,Delacourt,bdelacourtcm@phpbb.com,M,109.211.217.60
456,Elwood,Burchnall,eburchnallcn@amazon.com,M,211.21.163.39
457,Tristam,Kidby,tkidbyco@ucoz.ru,M,186.106.120.225
458,Linette,Larmuth,llarmuthcp@cisco.com,F,219.207.47.26
459,Cosmo,Tebb,ctebbcq@xinhuanet.com,M,247.179.235.172
460,Delbert,Glennon,dglennoncr@reuters.com,M,35.183.156.250
461,Zara,Proffitt,zproffittcs@linkedin.com,F,253.194.129.10
462,Andreas,Uzielli,auziellict@etsy.com,M,219.81.103.19
463,Anstice,Poolton,apooltoncu@google.pl,F,108.52.87.182
464,Rodger,Daniaud,rdaniaudcv@ebay.co.uk,M,122.93.157.34
465,Serene,Preon,spreoncw@cbc.ca,F,251.254.10.238
466,Kaylyn,Bertome,kbertomecx@samsung.com,F,57.0.120.167
467,Gibbie,Mawd,gmawdcy@hubpages.com,M,120.42.106.228
468,Caspar,Allanson,callansoncz@weibo.com,M,120.172.178.88
469,Egor,Whawell,ewhawelld0@sciencedirect.com,M,169.52.81.235
470,Ludovika,Karpe,lkarped1@godaddy.com,F,128.157.204.181
471,Bee,Severy,bseveryd2@bbb.org,F,166.202.30.36
472,Kiah,Stokey,kstokeyd3@sbwire.com,F,156.245.74.176
473,Ulric,Boatwright,uboatwrightd4@hatena.ne.jp,M,27.31.222.185
474,Ardis,Durtnall,adurtnalld5@sitemeter.com,F,64.211.36.108
475,Kizzee,Passey,kpasseyd6@ning.com,F,192.231.128.172
476,Gwendolin,Basso,gbassod7@cbc.ca,F,121.208.13.163
477,Egon,McWilliams,emcwilliamsd8@cnbc.com,M,126.248.208.21
478,Claire,Auchinleck,cauchinleckd9@cloudflare.com,F,224.59.216.120
479,Thaddus,Harlick,tharlickda@ustream.tv,M,69.77.215.33
480,Aloisia,Aldiss,aaldissdb@ihg.com,F,59.216.166.209
481,Timmi,Rosekilly,trosekillydc@smh.com.au,F,30.248.52.8
482,Cordy,Brunt,cbruntdd@ow.ly,F,245.179.123.142
483,Maynord,Payze,mpayzede@cdc.gov,M,123.128.230.240
484,Dix,Bastick,dbastickdf@squarespace.com,F,23.225.234.171
485,Nestor,Maydway,nmaydwaydg@miibeian.gov.cn,M,45.160.99.20
486,Clemente,Coster,ccosterdh@ifeng.com,M,44.107.116.37
487,Missie,Fuge,mfugedi@apple.com,F,192.100.253.132
488,Tome,Giovannoni,tgiovannonidj@squarespace.com,M,143.64.226.182
489,Anni,Hacon,ahacondk@taobao.com,F,208.192.73.149
490,Stanleigh,Mannock,smannockdl@reddit.com,M,77.0.43.55
491,Amalea,Wheaton,awheatondm@umn.edu,F,187.213.91.188
492,Laure,Skivington,lskivingtondn@vimeo.com,F,186.139.222.180
493,Aristotle,Monkhouse,amonkhousedo@youku.com,M,101.49.147.102
494,Gilbertine,Snibson,gsnibsondp@omniture.com,F,63.248.74.229
495,Faina,Jahnig,fjahnigdq@shinystat.com,F,226.180.100.63
496,Jasper,Iglesia,jiglesiadr@tinypic.com,M,218.239.9.188
497,Geoffry,Bettleson,gbettlesonds@domainmarket.com,M,48.99.238.6
498,Carmelia,Absalom,cabsalomdt@plala.or.jp,F,7.189.83.173
499,Hubey,Pirdue,hpirduedu@ebay.co.uk,M,33.105.175.173
500,Page,Falck,pfalckdv@tiny.cc,M,237.215.131.51
501,Janene,Taylo,jtaylodw@ezinearticles.com,F,175.98.152.220
502,Katusha,Stait,kstaitdx@netlog.com,F,215.184.3.199
503,Morena,Lemery,mlemerydy@kickstarter.com,F,182.44.10.42
504,Dev,Gytesham,dgyteshamdz@netvibes.com,M,234.146.43.9
505,Emmalynne,Alexsandrev,ealexsandreve0@livejournal.com,F,242.220.210.238
506,Bailey,Andrys,bandryse1@sfgate.com,M,212.230.2.96
507,Honey,Seers,hseerse2@over-blog.com,F,150.233.189.246
508,Ethel,Wyldish,ewyldishe3@naver.com,F,189.203.144.185
509,Tabby,Acosta,tacostae4@princeton.edu,F,131.45.235.221
510,Mavra,Corke,mcorkee5@merriam-webster.com,F,110.68.235.59
511,Lari,Worham,lworhame6@fotki.com,F,70.93.99.150
512,Erika,Mcwhinney,emcwhinneye7@free.fr,F,111.73.216.214
513,Andrus,Bagshaw,abagshawe8@qq.com,M,30.2.161.49
514,Selestina,Gandley,sgandleye9@smh.com.au,F,16.184.240.207
515,Charlena,Pena,cpenaea@chicagotribune.com,F,42.112.125.108
516,Cchaddie,Bouller,cboullereb@usnews.com,M,164.153.70.64
517,Averil,Balsom,abalsomec@google.de,M,33.201.223.246
518,Lucius,Francey,lfranceyed@dedecms.com,M,178.247.170.182
519,Jolie,Lody,jlodyee@tuttocitta.it,F,35.179.93.17
520,Clarabelle,Masse,cmasseef@dropbox.com,F,189.95.166.106
521,Nickola,Skipperbottom,nskipperbottomeg@answers.com,M,22.4.97.194
522,Melesa,McAvey,mmcaveyeh@51.la,F,102.31.132.61
523,Natka,Frost,nfrostei@mysql.com,F,0.182.65.163
524,Marilin,Storrie,mstorrieej@mayoclinic.com,F,241.97.214.239
525,Benedikt,Coenraets,bcoenraetsek@instagram.com,M,189.228.228.213
526,Abbye,Ray,arayel@de.vu,F,12.82.45.32
527,Care,Kauscher,ckauscherem@wix.com,M,94.92.149.73
528,Mitch,Trolley,mtrolleyen@soundcloud.com,M,247.148.132.120
529,Lefty,Maingot,lmaingoteo@china.com.cn,M,231.239.201.39
530,Reece,Blackstock,rblackstockep@bravesites.com,M,169.196.185.13
531,Levi,Gwilym,lgwilymeq@accuweather.com,M,22.183.36.152
532,Leonid,Spellicy,lspellicyer@amazon.com,M,183.23.59.252
533,Pacorro,Whetton,pwhettones@opensource.org,M,234.131.94.215
534,Fawn,Rainford,frainfordet@google.com,F,134.181.85.73
535,Gav,Vaggs,gvaggseu@i2i.jp,M,54.182.241.11
536,Clare,Starie,cstarieev@hc360.com,F,163.11.18.205
537,Gianni,Wear,gwearew@imageshack.us,M,197.200.253.92
538,Dalia,Auden,daudenex@free.fr,F,183.8.227.249
539,Langsdon,End,lendey@google.cn,M,98.171.117.235
540,Earl,Ferran,eferranez@ucla.edu,M,137.170.4.200
541,Claudette,Burhouse,cburhousef0@hud.gov,F,162.85.223.60
542,Germayne,Hopkyns,ghopkynsf1@theatlantic.com,M,225.181.163.152
543,Livvyy,Sango,lsangof2@businessweek.com,F,73.174.127.95
544,Neron,Skuse,nskusef3@alexa.com,M,32.17.37.217
545,Rois,Gaylord,rgaylordf4@sohu.com,F,74.101.49.181
546,Brooke,Legg,bleggf5@biblegateway.com,F,233.119.150.201
547,Kingston,Bursell,kbursellf6@goo.ne.jp,M,206.99.194.150
548,Hervey,Noar,hnoarf7@pbs.org,M,15.245.20.249
549,Connor,Burstowe,cburstowef8@geocities.jp,M,48.64.225.132
550,Sigrid,Firbanks,sfirbanksf9@behance.net,F,33.200.127.112
551,Griffie,Saddler,gsaddlerfa@google.de,M,17.15.251.92
552,Barbi,Dymond,bdymondfb@usatoday.com,F,76.131.239.160
553,Powell,Conlaund,pconlaundfc@sciencedaily.com,M,91.121.60.71
554,Clari,Lenney,clenneyfd@sogou.com,F,120.49.237.168
555,Guenna,Tait,gtaitfe@wp.com,F,11.219.187.129
556,Chrysa,Eakeley,ceakeleyff@shinystat.com,F,96.234.95.135
557,Kalil,Penritt,kpenrittfg@cbslocal.com,M,55.145.195.146
558,Luca,Feasby,lfeasbyfh@prnewswire.com,M,124.184.46.234
559,Austine,Comar,acomarfi@home.pl,F,229.187.101.175
560,Reggis,Tuhy,rtuhyfj@cisco.com,M,197.132.157.172
561,Kim,Dowsey,kdowseyfk@boston.com,F,204.200.101.211
562,Shanna,Gercken,sgerckenfl@newyorker.com,F,198.189.238.180
563,Rheta,Tenney,rtenneyfm@thetimes.co.uk,F,22.105.19.73
564,Jayme,Arkell,jarkellfn@bing.com,M,194.48.49.189
565,Elset,Goldster,egoldsterfo@technorati.com,F,235.39.240.114
566,Raimundo,Le Pruvost,rlepruvostfp@shutterfly.com,M,56.229.72.62
567,Christy,Malecky,cmaleckyfq@washington.edu,F,106.3.213.221
568,Ewell,Freathy,efreathyfr@goodreads.com,M,129.203.240.179
569,Veronika,Champley,vchampleyfs@cbc.ca,F,251.241.51.163
570,Berte,Iannazzi,biannazzift@nhs.uk,F,113.5.92.20
571,Shayna,Hubber,shubberfu@networksolutions.com,F,18.133.54.208
572,Ave,Lownes,alownesfv@slate.com,M,237.52.161.247
573,Leland,Orring,lorringfw@people.com.cn,M,204.220.100.56
574,Skye,Drust,sdrustfx@prlog.org,M,73.196.168.23
575,Amble,Coumbe,acoumbefy@umn.edu,M,68.26.253.182
576,Garwin,Myott,gmyottfz@scribd.com,M,226.100.232.235
577,Sarena,Voyce,svoyceg0@oracle.com,F,171.225.114.34
578,Thedrick,Dover,tdoverg1@huffingtonpost.com,M,150.250.154.168
579,Cary,Ashdown,cashdowng2@moonfruit.com,F,86.77.93.139
580,Ava,Tomaskov,atomaskovg3@topsy.com,F,225.65.7.62
581,Saidee,Pescud,spescudg4@marketwatch.com,F,60.22.211.222
582,Baldwin,Schruyers,bschruyersg5@cyberchimps.com,M,243.196.34.3
583,Tait,Plewright,tplewrightg6@answers.com,M,210.177.142.113
584,Karolina,Ife,kifeg7@epa.gov,F,2.255.71.251
585,Heath,Pierton,hpiertong8@chron.com,F,138.225.83.202
586,Bo,Perry,bperryg9@scribd.com,M,242.22.108.228
587,Pepita,Van der Brug,pvanderbrugga@dedecms.com,F,129.21.113.139
588,Aldous,Teasdale,ateasdalegb@fc2.com,M,161.233.160.241
589,Wilma,Brimilcome,wbrimilcomegc@edublogs.org,F,62.248.226.96
590,Gabriello,Walthall,gwalthallgd@google.ru,M,172.2.48.212
591,Debera,Woolrich,dwoolrichge@storify.com,F,115.172.77.92
592,Latrina,Guyers,lguyersgf@cdc.gov,F,168.113.198.155
593,Batsheva,Bellson,bbellsongg@jugem.jp,F,63.234.117.115
594,Genna,Danilenko,gdanilenkogh@live.com,F,182.182.152.74
595,Darcy,Layne,dlaynegi@drupal.org,M,203.151.73.221
596,Karina,Juzek,kjuzekgj@independent.co.uk,F,41.101.175.92
597,Charley,Philbrook,cphilbrookgk@shareasale.com,M,239.222.204.49
598,Ave,Stonhouse,astonhousegl@engadget.com,M,34.41.57.68
599,Tobit,Singers,tsingersgm@blog.com,M,67.12.3.0
600,Shermie,Bernardini,sbernardinign@drupal.org,M,32.204.155.241
601,Malia,Carr,mcarrgo@paginegialle.it,F,15.233.183.235
602,Herta,Roof,hroofgp@scientificamerican.com,F,109.14.125.51
603,Selena,Boyen,sboyengq@icio.us,F,181.149.186.221
604,Rowney,Caslake,rcaslakegr@dagondesign.com,M,120.207.221.33
605,Dalston,Howarth,dhowarthgs@squarespace.com,M,69.129.223.226
606,Jade,Cuncarr,jcuncarrgt@domainmarket.com,F,59.216.146.113
607,Karney,La Croce,klacrocegu@csmonitor.com,M,6.159.116.71
608,Brennen,Siney,bsineygv@bluehost.com,M,63.126.164.29
609,Hope,Tomblings,htomblingsgw@xrea.com,F,83.108.228.138
610,Niels,Janzen,njanzengx@reverbnation.com,M,127.160.9.54
611,Patrice,Ofield,pofieldgy@infoseek.co.jp,M,5.109.167.2
612,Sari,Kohrt,skohrtgz@homestead.com,F,193.200.248.176
613,Jan,Hofton,jhoftonh0@time.com,M,10.11.195.168
614,Alyda,Dellenty,adellentyh1@altervista.org,F,149.199.54.168
615,Grissel,Ferne,gferneh2@naver.com,F,234.59.23.130
616,Eadith,Lockie,elockieh3@example.com,F,83.38.109.127
617,Vivian,Worms,vwormsh4@imgur.com,F,37.73.106.57
618,Gennie,Ramage,gramageh5@spotify.com,F,181.201.85.134
619,Kittie,Canto,kcantoh6@netscape.com,F,31.242.45.162
620,Maurise,Ranahan,mranahanh7@oaic.gov.au,M,79.241.92.5
621,Kevin,Morris,kmorrish8@rambler.ru,M,109.38.232.179
622,Rayner,Mattin,rmattinh9@google.co.uk,M,173.61.203.245
623,Wash,Egleton,wegletonha@google.fr,M,220.177.4.231
624,Barclay,Varren,bvarrenhb@networksolutions.com,M,242.210.180.96
625,Cari,Combe,ccombehc@squarespace.com,F,61.58.24.87
626,Iago,Brine,ibrinehd@dot.gov,M,19.89.69.185
627,Val,Fremantle,vfremantlehe@businessweek.com,F,14.221.214.38
628,Earle,Sellstrom,esellstromhf@nps.gov,M,43.88.54.46
629,Malina,Howcroft,mhowcrofthg@ebay.co.uk,F,160.119.243.232
630,Sibyl,Rogers,srogershh@japanpost.jp,F,215.210.87.208
631,Lacey,Shimwell,lshimwellhi@privacy.gov.au,F,52.58.38.96
632,Staffard,Cashell,scashellhj@ted.com,M,222.55.32.196
633,Lelia,Simeons,lsimeonshk@virginia.edu,F,252.83.59.214
634,Bryn,Eassom,beassomhl@usnews.com,M,198.234.148.178
635,Giacopo,Hawkshaw,ghawkshawhm@slate.com,M,112.49.30.102
636,Wye,Gutierrez,wgutierrezhn@ycombinator.com,M,122.199.95.57
637,Hobie,Ruddick,hruddickho@reverbnation.com,M,122.126.208.38
638,Cam,Thoumas,cthoumashp@webnode.com,M,147.97.144.208
639,Robinson,McGloughlin,rmcgloughlinhq@youtu.be,M,225.10.68.221
640,Vanna,Leggin,vlegginhr@virginia.edu,F,230.53.24.157
641,Mara,Vila,mvilahs@google.com.hk,F,44.124.114.50
642,Cece,Van Castele,cvancasteleht@usnews.com,M,13.209.200.13
643,Casey,Bedome,cbedomehu@technorati.com,M,190.251.225.85
644,Christel,Wittering,cwitteringhv@howstuffworks.com,F,108.3.194.99
645,Madlen,Martinec,mmartinechw@typepad.com,F,28.111.31.159
646,Toddie,Attarge,tattargehx@comsenz.com,M,231.202.88.42
647,Birgit,Lottrington,blottringtonhy@trellian.com,F,182.119.150.147
648,Amby,Yeulet,ayeulethz@mayoclinic.com,M,26.47.2.23
649,Arturo,Perceval,apercevali0@alexa.com,M,212.240.224.106
650,Ilise,Fradson,ifradsoni1@blog.com,F,238.69.241.157
651,Mark,Myderscough,mmyderscoughi2@multiply.com,M,127.201.91.210
652,Ozzie,Edelston,oedelstoni3@etsy.com,M,21.203.46.249
653,Belle,Rawll,brawlli4@hugedomains.com,F,91.5.196.233
654,Boyce,Fillimore,bfillimorei5@google.com.br,M,162.133.90.57
655,Forest,Ghelarducci,fghelarduccii6@bloglines.com,M,3.158.236.141
656,Mildred,Castelletto,mcastellettoi7@unc.edu,F,111.7.36.0
657,Anjela,Dymott,adymotti8@toplist.cz,F,64.121.245.37
658,Obie,Teek,oteeki9@marriott.com,M,237.157.95.10
659,Howey,Vedenichev,hvedenichevia@elpais.com,M,229.183.154.19
660,Amby,Rubinlicht,arubinlichtib@themeforest.net,M,180.233.31.227
661,Brook,Davisson,bdavissonic@vinaora.com,M,57.94.244.153
662,Buckie,Lemmen,blemmenid@nature.com,M,130.149.93.173
663,Janith,Merit,jmeritie@thetimes.co.uk,F,80.173.250.60
664,Reggy,Gingel,rgingelif@purevolume.com,M,157.78.58.38
665,Natalya,Edinburgh,nedinburghig@cmu.edu,F,130.147.197.217
666,Mathilde,Domino,mdominoih@aboutads.info,F,19.242.232.233
667,Artemis,Harkins,aharkinsii@google.es,M,244.197.251.111
668,Deena,Picheford,dpichefordij@hexun.com,F,212.98.138.25
669,Angus,Huckett,ahuckettik@sohu.com,M,168.95.255.80
670,Sergent,Took,stookil@intel.com,M,179.183.94.99
671,Dru,Lehenmann,dlehenmannim@nifty.com,F,67.157.21.113
672,Reeba,Fuzzey,rfuzzeyin@wired.com,F,18.254.141.225
673,Beatrice,Mathys,bmathysio@unc.edu,F,228.124.41.86
674,Bathsheba,Sawden,bsawdenip@naver.com,F,90.96.162.225
675,Madelle,Malatalant,mmalatalantiq@disqus.com,F,91.197.232.168
676,Holly,Knapper,hknapperir@ow.ly,M,12.195.38.9
677,Gottfried,Sterre,gsterreis@jimdo.com,M,16.102.207.69
678,Annis,Dummigan,adummiganit@epa.gov,F,229.40.27.73
679,Perrine,Serrels,pserrelsiu@nih.gov,F,170.47.223.41
680,Clemmie,Cowitz,ccowitziv@umn.edu,F,152.147.137.18
681,Monty,Engeham,mengehamiw@cbsnews.com,M,9.22.221.45
682,Atlante,Oliveira,aoliveiraix@over-blog.com,F,123.25.151.204
683,Algernon,Cosgriff,acosgriffiy@jiathis.com,M,42.209.17.175
684,Loria,Stienton,lstientoniz@engadget.com,F,91.250.104.192
685,Bunni,Runsey,brunseyj0@surveymonkey.com,F,26.112.13.131
686,Fidelia,Braxton,fbraxtonj1@meetup.com,F,39.17.137.2
687,Ameline,Kernock,akernockj2@samsung.com,F,87.83.249.71
688,Inessa,Trustey,itrusteyj3@redcross.org,F,238.147.216.157
689,Paule,Antill,pantillj4@reverbnation.com,F,166.129.75.43
690,Cullen,Keddle,ckeddlej5@tripod.com,M,97.126.186.39
691,Evy,Carwithan,ecarwithanj6@cnet.com,F,116.61.2.103
692,Roderic,Andrea,randreaj7@springer.com,M,197.252.249.177
693,Lucius,Edes,ledesj8@pcworld.com,M,231.20.247.209
694,Gunilla,Ells,gellsj9@pen.io,F,0.109.244.196
695,Caryn,Duffree,cduffreeja@google.pl,F,74.75.150.78
696,Orelee,Earingey,oearingeyjb@latimes.com,F,41.48.14.46
697,Rad,Lawlor,rlawlorjc@twitpic.com,M,186.55.222.192
698,Brendan,Whitley,bwhitleyjd@angelfire.com,M,81.255.136.11
699,Rex,Conti,rcontije@opera.com,M,116.76.151.23
700,Gian,Bellhanger,gbellhangerjf@gravatar.com,M,141.149.180.223
701,Paco,Feak,pfeakjg@timesonline.co.uk,M,18.135.59.214
702,Whittaker,Maylard,wmaylardjh@samsung.com,M,161.39.49.184
703,Griffin,Rugieri,grugieriji@blogspot.com,M,173.164.77.125
704,Aline,Balaison,abalaisonjj@4shared.com,F,115.117.148.238
705,Seline,Caught,scaughtjk@deviantart.com,F,123.136.88.214
706,Deirdre,Weekly,dweeklyjl@webs.com,F,20.102.5.190
707,Ania,Novello,anovellojm@diigo.com,F,92.84.106.52
708,Bernard,Fairy,bfairyjn@hp.com,M,144.57.121.175
709,Gayle,Willars,gwillarsjo@google.nl,F,149.134.228.66
710,Farlie,MacCollom,fmaccollomjp@weebly.com,M,29.215.222.248
711,Bourke,Ciubutaro,bciubutarojq@amazon.co.uk,M,213.250.30.92
712,Pembroke,Glowach,pglowachjr@patch.com,M,234.99.204.178
713,Fredericka,Martlew,fmartlewjs@java.com,F,236.131.65.65
714,Rori,Talby,rtalbyjt@discuz.net,F,229.13.132.241
715,Davine,Giffin,dgiffinju@prweb.com,F,80.32.29.90
716,Eugen,Goodbourn,egoodbournjv@canalblog.com,M,25.78.119.47
717,Cheryl,Arblaster,carblasterjw@themeforest.net,F,185.53.32.44
718,Marijn,Giraudy,mgiraudyjx@sfgate.com,M,150.108.98.80
719,Dill,Collin,dcollinjy@eventbrite.com,M,3.139.46.179
720,Mendel,Wastall,mwastalljz@altervista.org,M,71.223.41.76
721,Court,Bredbury,cbredburyk0@jalbum.net,M,94.174.140.212
722,Reeva,Witsey,rwitseyk1@china.com.cn,F,72.96.96.250
723,Orton,Traves,otravesk2@reference.com,M,171.124.209.40
724,Pascale,Craghead,pcragheadk3@ucoz.com,M,197.11.177.176
725,Joly,Tribble,jtribblek4@washington.edu,F,117.102.103.212
726,Raimundo,Wilsey,rwilseyk5@tinypic.com,M,224.61.215.28
727,David,Braunlein,dbraunleink6@mozilla.org,M,2.87.252.58
728,Adah,Dufer,aduferk7@prlog.org,F,119.155.202.245
729,Leland,Keets,lkeetsk8@clickbank.net,M,254.152.86.146
730,Stefano,Morrad,smorradk9@umich.edu,M,105.44.254.147
731,Allix,Goater,agoaterka@apple.com,F,221.30.207.147
732,Murry,Pile,mpilekb@army.mil,M,155.236.162.220
733,Barbra,Burree,bburreekc@geocities.jp,F,109.43.174.39
734,Hervey,Billborough,hbillboroughkd@naver.com,M,224.213.185.96
735,Sherrie,Dani,sdanike@trellian.com,F,151.223.153.160
736,Brynn,Sealand,bsealandkf@uol.com.br,F,107.94.110.223
737,Reena,Cozins,rcozinskg@trellian.com,F,59.13.12.197
738,Isadora,McDirmid,imcdirmidkh@e-recht24.de,F,121.186.37.179
739,Ambros,Van Ross,avanrosski@hc360.com,M,190.227.242.143
740,Quinn,Leversha,qlevershakj@edublogs.org,F,69.36.87.207
741,Rozele,Hayzer,rhayzerkk@diigo.com,F,16.36.177.195
742,Hewett,Jouhning,hjouhningkl@auda.org.au,M,14.6.216.78
743,Tyrus,Lanfer,tlanferkm@ask.com,M,146.95.129.55
744,Karole,Minshull,kminshullkn@domainmarket.com,F,69.97.40.103
745,Normy,Bjorkan,nbjorkanko@vistaprint.com,M,247.240.176.211
746,Garwin,Cutchee,gcutcheekp@walmart.com,M,161.183.15.76
747,Obed,Vaines,ovaineskq@latimes.com,M,75.207.111.26
748,Elizabeth,Hathaway,ehathawaykr@gmpg.org,F,37.95.13.53
749,Pamela,Bertlin,pbertlinks@domainmarket.com,F,97.186.173.12
750,Frans,Ison,fisonkt@mapquest.com,M,155.10.129.146
751,Hamid,Streight,hstreightku@tuttocitta.it,M,148.216.112.37
752,Alasdair,Markwick,amarkwickkv@networkadvertising.org,M,197.91.111.173
753,Chanda,Romanelli,cromanellikw@phoca.cz,F,122.207.165.1
754,Rip,Pimblett,rpimblettkx@about.me,M,230.139.2.33
755,Read,Cubbon,rcubbonky@istockphoto.com,M,200.13.202.179
756,Bill,Matchitt,bmatchittkz@constantcontact.com,F,20.117.253.12
757,Gerianna,Starkie,gstarkiel0@godaddy.com,F,59.229.234.217
758,Filip,Messam,fmessaml1@jugem.jp,M,246.193.59.78
759,Matthus,Semmens,msemmensl2@mapquest.com,M,255.180.232.235
760,Avivah,Dimitresco,adimitrescol3@indiatimes.com,F,168.143.47.178
761,Nan,Nevitt,nnevittl4@ask.com,F,134.39.155.237
762,Sloane,Brownscombe,sbrownscombel5@bloglovin.com,M,158.38.254.92
763,Derrek,Flowerdew,dflowerdewl6@tinypic.com,M,110.151.138.60
764,Sarette,Livett,slivettl7@wp.com,F,222.169.44.203
765,Catherin,Coddington,ccoddingtonl8@facebook.com,F,19.52.140.228
766,Nelle,Halls,nhallsl9@answers.com,F,85.139.56.28
767,Bria,Trussler,btrusslerla@pbs.org,F,91.234.74.242
768,Creigh,Theis,ctheislb@guardian.co.uk,M,19.168.232.80
769,Guntar,De Benedictis,gdebenedictislc@deviantart.com,M,64.178.43.20
770,Sherm,O'Reilly,soreillyld@nba.com,M,9.117.47.13
771,Marissa,Lathaye,mlathayele@mapy.cz,F,189.218.178.221
772,Marylin,Lackeye,mlackeyelf@arstechnica.com,F,68.118.7.78
773,Jud,Evemy,jevemylg@spotify.com,M,194.92.73.34
774,Odo,Idle,oidlelh@webnode.com,M,18.104.192.139
775,Barbette,Muttock,bmuttockli@tuttocitta.it,F,197.237.241.190
776,Clovis,McCandie,cmccandielj@usgs.gov,F,199.140.97.105
777,Thaddeus,Gudahy,tgudahylk@gravatar.com,M,0.142.175.80
778,Marthena,Tommen,mtommenll@hhs.gov,F,161.237.200.247
779,Dennis,Tofanini,dtofaninilm@china.com.cn,M,228.190.222.81
780,Cally,MacSkeaghan,cmacskeaghanln@google.it,F,48.114.220.5
781,Marcellina,Stayt,mstaytlo@delicious.com,F,185.251.195.178
782,Fairlie,Luthwood,fluthwoodlp@123-reg.co.uk,M,221.114.209.171
783,Sander,Havile,shavilelq@google.fr,M,76.36.118.228
784,Andriana,Djurdjevic,adjurdjeviclr@mediafire.com,F,12.155.124.247
785,Drew,Domenge,ddomengels@pinterest.com,M,10.97.217.123
786,Brennen,Warriner,bwarrinerlt@ameblo.jp,M,57.223.239.186
787,Zak,Klebes,zklebeslu@sciencedirect.com,M,1.251.101.101
788,Huntley,Cosans,hcosanslv@free.fr,M,198.71.226.228
789,Riccardo,Dalloway,rdallowaylw@princeton.edu,M,196.102.220.219
790,Brody,Bechley,bbechleylx@thetimes.co.uk,M,102.127.91.242
791,Fred,MacKey,fmackeyly@google.ca,F,91.202.10.117
792,Marcella,Waddam,mwaddamlz@boston.com,F,74.208.163.59
793,Chic,Jursch,cjurschm0@irs.gov,M,106.58.238.225
794,Kalinda,Kantor,kkantorm1@tuttocitta.it,F,155.10.187.54
795,Georges,Fishpoole,gfishpoolem2@wufoo.com,M,2.69.36.123
796,Dulsea,Gourlay,dgourlaym3@redcross.org,F,229.178.190.246
797,Wynnie,Clymo,wclymom4@slashdot.org,F,52.74.148.157
798,Albie,Jozaitis,ajozaitism5@dagondesign.com,M,135.55.47.164
799,Moselle,Elphee,melpheem6@xinhuanet.com,F,204.26.12.23
800,Gay,Dabourne,gdabournem7@facebook.com,F,99.155.84.166
801,Abby,Boldt,aboldtm8@vinaora.com,M,235.7.140.30
802,Felicio,Knevit,fknevitm9@studiopress.com,M,83.186.33.69
803,Boony,Kirkham,bkirkhamma@ihg.com,M,24.75.196.246
804,Vita,Coppen,vcoppenmb@addthis.com,F,212.127.240.155
805,Lowrance,Hugueville,lhuguevillemc@example.com,M,47.147.73.174
806,Amandie,Hacaud,ahacaudmd@columbia.edu,F,94.19.147.98
807,Falkner,Nowakowski,fnowakowskime@virginia.edu,M,99.213.107.229
808,Eulalie,Feldfisher,efeldfishermf@hp.com,F,33.80.23.236
809,Waldon,Liggett,wliggettmg@github.io,M,206.124.228.96
810,Thekla,Beachem,tbeachemmh@java.com,F,105.201.247.22
811,Calhoun,Nizard,cnizardmi@unesco.org,M,129.174.157.149
812,Falito,Greenhouse,fgreenhousemj@163.com,M,151.18.176.106
813,Josey,Admans,jadmansmk@biblegateway.com,F,28.145.197.29
814,Torry,Lowdham,tlowdhamml@webnode.com,M,187.97.229.44
815,Jenelle,Inge,jingemm@fda.gov,F,67.141.21.167
816,Barth,Trebbett,btrebbettmn@bloomberg.com,M,57.247.25.250
817,Brnaba,Orfeur,borfeurmo@craigslist.org,M,237.232.193.31
818,Ardath,Wem,awemmp@wisc.edu,F,36.144.170.97
819,Haze,McCullagh,hmccullaghmq@usgs.gov,M,245.176.21.181
820,Caspar,Yelden,cyeldenmr@cafepress.com,M,115.78.212.59
821,Port,Shillam,pshillamms@lulu.com,M,185.143.0.36
822,Hubey,Valentin,hvalentinmt@opera.com,M,188.234.70.31
823,Brier,McFaul,bmcfaulmu@homestead.com,F,195.153.0.221
824,Wittie,Lampel,wlampelmv@umich.edu,M,139.209.36.35
825,Asher,Kenworthey,akenwortheymw@cnbc.com,M,237.100.112.81
826,Alethea,Sellar,asellarmx@wix.com,F,35.176.131.245
827,Perceval,Conyers,pconyersmy@webnode.com,M,24.105.168.248
828,Skelly,Standingford,sstandingfordmz@bing.com,M,212.174.13.154
829,Anderson,Curlis,acurlisn0@lulu.com,M,106.52.9.26
830,Berky,Firebrace,bfirebracen1@msu.edu,M,254.179.168.171
831,Margaretta,Noton,mnotonn2@arstechnica.com,F,196.20.114.191
832,Hasty,Gazzard,hgazzardn3@t-online.de,M,139.31.20.37
833,Elvyn,Kingsnode,ekingsnoden4@vk.com,M,45.151.253.21
834,Eugenia,Stringfellow,estringfellown5@spiegel.de,F,198.238.143.213
835,Devlen,Guyer,dguyern6@phoca.cz,M,193.52.153.191
836,Clementine,MacCallum,cmaccallumn7@addthis.com,F,216.126.183.254
837,Scarlet,Burtenshaw,sburtenshawn8@auda.org.au,F,25.90.72.252
838,Mace,Andino,mandinon9@fotki.com,M,114.103.61.52
839,Prent,Cumberlidge,pcumberlidgena@pbs.org,M,222.125.74.201
840,Marcy,Excell,mexcellnb@creativecommons.org,F,130.124.224.153
841,Yves,Bushel,ybushelnc@seesaa.net,M,10.3.13.121
842,Wolfie,Whitwham,wwhitwhamnd@kickstarter.com,M,143.49.154.60
843,Curry,Straw,cstrawne@amazon.co.jp,M,133.167.54.25
844,Joline,Tedridge,jtedridgenf@cloudflare.com,F,64.223.250.210
845,Gus,Di Domenico,gdidomenicong@homestead.com,M,51.248.247.216
846,Quintilla,Cecely,qcecelynh@dropbox.com,F,145.24.176.12
847,Cahra,Peron,cperonni@purevolume.com,F,251.154.41.85
848,Lorenzo,Vian,lviannj@wufoo.com,M,98.136.135.105
849,Gussy,Kaygill,gkaygillnk@tripadvisor.com,F,169.79.17.26
850,Garv,Gasparro,ggasparronl@google.com.au,M,26.172.153.254
851,Shannan,Rosenstengel,srosenstengelnm@usatoday.com,M,163.132.50.31
852,Lombard,Strutz,lstrutznn@apple.com,M,150.178.164.78
853,Murdock,Houldin,mhouldinno@cargocollective.com,M,73.88.129.126
854,Padget,Bowdrey,pbowdreynp@marketwatch.com,M,140.79.124.199
855,Umberto,Northwood,unorthwoodnq@blog.com,M,203.164.211.1
856,Xenia,Leavy,xleavynr@wikia.com,F,75.145.0.49
857,Meghann,Meadway,mmeadwayns@wikipedia.org,F,96.201.159.134
858,Vivi,Black,vblacknt@sina.com.cn,F,11.75.241.244
859,Boyce,Hammerstone,bhammerstonenu@ed.gov,M,112.170.100.89
860,Cross,Vlasenkov,cvlasenkovnv@state.tx.us,M,137.181.15.11
861,Sharona,Ironside,sironsidenw@un.org,F,76.142.29.97
862,Emmey,Rodear,erodearnx@51.la,F,80.244.56.20
863,Evonne,Mibourne,emibourneny@google.cn,F,238.149.246.36
864,Basilius,Elsworth,belsworthnz@arstechnica.com,M,143.37.214.68
865,Gibby,Smeal,gsmealo0@elpais.com,M,106.178.190.243
866,Sinclare,Hicken,shickeno1@sourceforge.net,M,194.150.77.162
867,Kelwin,Arendt,karendto2@1und1.de,M,77.241.27.58
868,Vivianna,Corness,vcornesso3@yolasite.com,F,205.10.138.156
869,Joey,Whatford,jwhatfordo4@geocities.com,F,50.31.39.71
870,Corby,Dacca,cdaccao5@a8.net,M,229.119.66.59
871,Magdalena,Pellissier,mpellissiero6@ed.gov,F,3.97.173.114
872,Wald,Branthwaite,wbranthwaiteo7@nhs.uk,M,175.42.228.96
873,Ashil,Egentan,aegentano8@businessinsider.com,F,7.76.115.133
874,Stefanie,Calles,scalleso9@amazonaws.com,F,134.139.175.52
875,Janeen,Pay,jpayoa@cdc.gov,F,141.113.132.30
876,Bale,Whetton,bwhettonob@whitehouse.gov,M,232.57.185.135
877,Clarette,Di Pietro,cdipietrooc@spotify.com,F,97.231.8.14
878,Alys,Luscombe,aluscombeod@flickr.com,F,222.198.105.159
879,Cazzie,Carhart,ccarhartoe@biglobe.ne.jp,M,251.223.4.188
880,Emerson,Copcutt,ecopcuttof@bbb.org,M,53.138.214.60
881,Cece,Dymocke,cdymockeog@creativecommons.org,M,11.116.235.129
882,Wynn,Hinrichsen,whinrichsenoh@myspace.com,F,152.182.64.199
883,Skipp,Aslett,saslettoi@cbsnews.com,M,155.235.248.5
884,Ethelred,Ducker,educkeroj@bloglines.com,M,254.129.253.146
885,Jennine,Wyburn,jwyburnok@senate.gov,F,118.98.212.255
886,Lenci,Arthy,larthyol@intel.com,M,175.90.157.87
887,Brooks,Signore,bsignoreom@marriott.com,M,43.74.155.192
888,Noemi,Tompkinson,ntompkinsonon@github.com,F,124.66.204.162
889,Melodie,Athey,matheyoo@pinterest.com,F,157.224.92.215
890,Selma,McRitchie,smcritchieop@woothemes.com,F,14.57.90.171
891,Darin,Midner,dmidneroq@blinklist.com,M,43.70.101.39
892,Freddie,Mattiazzo,fmattiazzoor@unesco.org,F,29.235.197.84
893,Ludvig,Sleith,lsleithos@berkeley.edu,M,158.77.246.229
894,Krishnah,Witham,kwithamot@dropbox.com,M,162.154.247.2
895,Levi,Knyvett,lknyvettou@livejournal.com,M,124.151.71.224
896,Evie,Christer,echristerov@google.it,F,108.187.6.187
897,Amandi,Durie,adurieow@dropbox.com,F,113.143.58.58
898,Danila,Riditch,driditchox@tiny.cc,F,150.100.130.8
899,Adelle,McLeman,amclemanoy@mozilla.com,F,111.172.19.172
900,Gabbey,Swanston,gswanstonoz@wix.com,F,169.217.16.54
901,Derrik,Rival,drivalp0@omniture.com,M,185.123.185.177
902,Mirabella,Portail,mportailp1@uol.com.br,F,23.99.39.156
903,Richmond,Nanni,rnannip2@furl.net,M,81.250.50.133
904,Osbourne,Darque,odarquep3@tinyurl.com,M,86.57.104.128
905,Mireielle,Spilisy,mspilisyp4@fc2.com,F,237.10.114.163
906,Vitoria,Sparshatt,vsparshattp5@oracle.com,F,234.212.25.248
907,Lanie,Forsyde,lforsydep6@google.nl,M,206.187.136.97
908,Donica,Standish-Brooks,dstandishbrooksp7@newsvine.com,F,139.105.114.230
909,Harmony,Veldens,hveldensp8@nba.com,F,48.3.24.160
910,Ernst,McGreary,emcgrearyp9@prnewswire.com,M,213.161.255.219
911,Jermaine,Caselick,jcaselickpa@umich.edu,F,87.169.219.41
912,Gayler,Filipowicz,gfilipowiczpb@squarespace.com,M,195.89.156.49
913,Vernice,Clarricoates,vclarricoatespc@clickbank.net,F,74.106.187.55
914,Elayne,Eilhart,eeilhartpd@nytimes.com,F,214.47.99.111
915,Leupold,Pieracci,lpieraccipe@berkeley.edu,M,112.221.74.101
916,Dov,Rieme,driemepf@oakley.com,M,149.234.214.213
917,Zorah,Nottingam,znottingampg@cornell.edu,F,29.86.70.96
918,Kirby,Matuszyk,kmatuszykph@gnu.org,M,181.117.65.85
919,Jordana,Fearfull,jfearfullpi@nifty.com,F,50.38.140.80
920,Alon,Stoll,astollpj@gnu.org,M,55.184.26.10
921,Gertrudis,Utton,guttonpk@foxnews.com,F,237.83.211.12
922,Tiphanie,Nunn,tnunnpl@paypal.com,F,100.87.68.196
923,Reidar,Brundale,rbrundalepm@twitter.com,M,1.191.186.3
924,Delmore,Keyte,dkeytepn@nymag.com,M,204.22.101.177
925,Carlo,Redwood,credwoodpo@usatoday.com,M,243.243.43.124
926,Marwin,Castellini,mcastellinipp@oaic.gov.au,M,165.198.46.225
927,Lucinda,Fermoy,lfermoypq@godaddy.com,F,46.112.109.16
928,Dur,Torrie,dtorriepr@amazonaws.com,M,102.71.223.235
929,Manya,Kinder,mkinderps@free.fr,F,238.128.128.140
930,Trish,O'Connor,toconnorpt@usda.gov,F,236.13.18.77
931,Gerik,Scotchforth,gscotchforthpu@timesonline.co.uk,M,38.105.241.237
932,Ursulina,Buston,ubustonpv@symantec.com,F,242.73.134.106
933,Kelley,Brosini,kbrosinipw@scribd.com,F,197.61.170.183
934,Georgianna,Gowrich,ggowrichpx@wsj.com,F,186.66.112.104
935,Janetta,Le Gassick,jlegassickpy@google.co.jp,F,113.99.189.202
936,Jonas,Wiggins,jwigginspz@cornell.edu,M,100.52.6.243
937,Carlita,Wheelan,cwheelanq0@jiathis.com,F,197.221.226.228
938,Rossie,Pentlow,rpentlowq1@harvard.edu,M,174.94.152.210
939,Brnaba,Graysmark,bgraysmarkq2@cloudflare.com,M,74.223.233.117
940,Odo,Volkes,ovolkesq3@smugmug.com,M,15.7.224.160
941,Costanza,Hambribe,chambribeq4@salon.com,F,126.186.144.46
942,Louisa,Jiggens,ljiggensq5@ted.com,F,154.184.192.107
943,Angel,Guise,aguiseq6@timesonline.co.uk,M,251.43.190.48
944,Agneta,McCaughey,amccaugheyq7@jalbum.net,F,252.227.101.87
945,Lynette,Ambroisin,lambroisinq8@archive.org,F,113.90.20.146
946,Aristotle,Manhare,amanhareq9@pcworld.com,M,166.83.14.132
947,Stearn,Sinncock,ssinncockqa@sciencedirect.com,M,108.11.222.209
948,Wynn,Wiggett,wwiggettqb@ask.com,F,24.91.205.253
949,Corey,Mossom,cmossomqc@nhs.uk,M,249.243.154.136
950,Bay,McGillicuddy,bmcgillicuddyqd@globo.com,M,197.143.68.115
951,Marina,Johnsey,mjohnseyqe@msn.com,F,38.115.183.49
952,Selena,Ernke,sernkeqf@storify.com,F,189.80.158.174
953,Juliann,Blees,jbleesqg@disqus.com,F,36.133.194.199
954,Maurizia,Soulsby,msoulsbyqh@mayoclinic.com,F,240.183.67.98
955,Dania,Escudier,descudierqi@spiegel.de,F,62.243.84.150
956,Keenan,Wohlers,kwohlersqj@barnesandnoble.com,M,143.151.183.135
957,Darryl,Pawels,dpawelsqk@examiner.com,F,178.124.241.39
958,Orly,Halkyard,ohalkyardql@amazon.co.uk,F,249.124.50.129
959,Cosimo,Beetles,cbeetlesqm@flickr.com,M,167.220.147.219
960,Corrine,Rosindill,crosindillqn@tripod.com,F,232.14.128.79
961,Laurena,Stancliffe,lstancliffeqo@va.gov,F,14.77.90.59
962,Sofie,Dedman,sdedmanqp@wix.com,F,41.236.140.213
963,Alfy,Chinery,achineryqq@umich.edu,M,9.24.136.56
964,Felike,Ochterlony,fochterlonyqr@craigslist.org,M,61.151.243.105
965,Myrwyn,Kenworthey,mkenwortheyqs@miitbeian.gov.cn,M,34.85.223.239
966,Llewellyn,Britnell,lbritnellqt@engadget.com,M,231.76.90.237
967,Sabrina,Marns,smarnsqu@linkedin.com,F,152.23.244.124
968,Dorris,Alans,dalansqv@ask.com,F,189.117.52.231
969,Freida,Rack,frackqw@seesaa.net,F,187.84.77.5
970,Reynold,Moakes,rmoakesqx@bluehost.com,M,1.150.41.210
971,Ian,Roskell,iroskellqy@spotify.com,M,186.111.204.150
972,Somerset,Eversley,seversleyqz@newyorker.com,M,221.183.80.23
973,Poul,Semiras,psemirasr0@google.ru,M,155.107.83.194
974,Gretchen,Howerd,ghowerdr1@livejournal.com,F,132.8.88.149
975,Justus,Paudin,jpaudinr2@sciencedirect.com,M,200.137.218.84
976,Skippy,Burriss,sburrissr3@nps.gov,M,37.66.75.177
977,Kenn,Trengrove,ktrengrover4@godaddy.com,M,192.143.132.114
978,Rocky,Ingerfield,ringerfieldr5@flickr.com,M,7.81.48.123
979,Dorothea,Cockshot,dcockshotr6@google.fr,F,42.57.224.21
980,Levey,Hanway,lhanwayr7@mail.ru,M,207.178.40.206
981,Graeme,Phlippi,gphlippir8@unblog.fr,M,245.177.92.164
982,Baldwin,Devenny,bdevennyr9@gravatar.com,M,251.44.110.236
983,Tim,Glassborow,tglassborowra@pbs.org,F,237.72.98.29
984,Gaspard,Hendrich,ghendrichrb@merriam-webster.com,M,155.194.117.200
985,Bibi,Treagus,btreagusrc@ibm.com,F,110.118.77.199
986,Alisa,Jepperson,ajeppersonrd@cornell.edu,F,90.230.237.184
987,Madelyn,Spowart,mspowartre@exblog.jp,F,73.9.164.29
988,Frederico,Baynon,fbaynonrf@craigslist.org,M,6.94.141.255
989,Dido,Schoroder,dschoroderrg@zdnet.com,F,202.176.100.212
990,Stefano,Von Welden,svonweldenrh@lycos.com,M,12.167.242.236
991,Monique,Shingfield,mshingfieldri@linkedin.com,F,75.145.47.108
992,Marja,Lougheid,mlougheidrj@dyndns.org,F,214.191.1.152
993,Peter,Ricardet,pricardetrk@state.tx.us,M,15.56.54.171
994,Nappy,Dionisi,ndionisirl@privacy.gov.au,M,255.185.25.84
995,Myrtle,Ivchenko,mivchenkorm@mozilla.com,F,175.193.2.146
996,Carlee,Edmonstone,cedmonstonern@aol.com,F,10.152.116.231
997,Violetta,Benjamin,vbenjaminro@flavors.me,F,100.219.52.235
998,Alexia,Shinn,ashinnrp@delicious.com,F,134.12.153.34
999,Chevy,Brimmacombe,cbrimmacomberq@phpbb.com,M,1.178.134.228
1000,Halley,Trevarthen,htrevarthenrr@arizona.edu,F,184.181.78.144
