,id,first_name,last_name,email,gender,ip_address,age
0,1,Aida,Castagnaro,acastagnaro0@stumbleupon.com,Female,22.55.152.59,28
1,2,Tedi,Aarons,taarons1@chron.com,Female,183.39.126.229,91
2,3,Ayn,Wiggett,awiggett2@china.com.cn,Female,217.228.20.92,83
3,4,Frannie,Perelli,fperelli3@baidu.com,Female,64.74.172.31,51
4,5,Ralph,Glaves,rglaves4@creativecommons.org,Male,118.253.80.3,72
5,6,Ari,Sturror,asturror5@free.fr,Male,203.198.239.162,81
6,7,Sandy,McMackin,smcmackin6@issuu.com,Male,163.161.5.123,24
7,8,Ibby,Grimsell,igrimsell7@ucoz.com,Female,174.172.128.174,22
8,9,Amalea,Gavrieli,agavrieli8@sbwire.com,Genderfluid,162.11.107.33,42
9,10,Salaidh,Pharo,spharo9@ycombinator.com,Female,40.63.214.6,40
10,11,Paolo,Lazenby,plazenbya@feedburner.com,Male,25.143.215.69,21
11,12,Clarine,Colter,ccolterb@live.com,Female,172.65.242.8,12
12,13,Herc,Woodnutt,hwoodnuttc@dot.gov,Male,96.168.171.20,58
13,14,Sky,Aveson,savesond@dmoz.org,Male,178.75.183.103,99
14,15,Charmion,Scholey,cscholeye@tinyurl.com,Female,109.3.118.75,51
15,16,Sara-ann,Cockings,scockingsf@friendfeed.com,Female,246.194.90.177,78
16,17,Nananne,Sly,nslyg@mayoclinic.com,Female,114.137.188.214,6
17,18,Nels,Bellerby,nbellerbyh@businessweek.com,Male,63.36.168.196,32
18,19,Doralynn,Hovenden,dhovendeni@army.mil,Female,75.154.174.41,37
19,20,Latisha,Hambridge,lhambridgej@geocities.jp,Female,87.208.172.64,72
20,21,Mortie,Oxtarby,moxtarbyk@mlb.com,Male,145.4.192.219,56
21,22,Hobart,Leguey,hlegueyl@about.me,Male,206.252.129.177,19
22,23,Farr,Strongman,fstrongmanm@nsw.gov.au,Non-binary,153.54.209.158,23
23,24,Darryl,Redsull,dredsulln@independent.co.uk,Male,121.5.113.92,92
24,25,Skyler,Redshaw,sredshawo@mapy.cz,Polygender,8.210.168.195,95
25,26,Kristina,Goodwill,kgoodwillp@ucla.edu,Female,40.76.197.246,77
26,27,Paolo,Gillis,pgillisq@bluehost.com,Male,13.51.109.128,53
27,28,Jodi,McQuie,jmcquier@digg.com,Male,190.73.18.206,28
28,29,Anet,Jewis,ajewiss@un.org,Female,69.7.178.247,51
29,30,Dylan,Jamieson,djamiesont@forbes.com,Male,114.84.184.35,61
30,31,Marwin,Duffus,mduffusu@ebay.co.uk,Male,35.12.49.117,91
31,32,Archy,Stanton,astantonv@pagesperso-orange.fr,Male,30.117.102.204,48
32,33,Cristin,Olekhov,colekhovw@moonfruit.com,Polygender,203.131.238.184,69
33,34,Myer,Stokes,mstokesx@eepurl.com,Male,202.243.251.88,84
34,35,Nisse,Antognazzi,nantognazziy@hhs.gov,Genderfluid,24.15.159.31,8
35,36,Carey,Huertas,chuertasz@howstuffworks.com,Male,245.220.185.222,13
36,37,Vanny,Tumielli,vtumielli10@slashdot.org,Female,249.175.74.204,84
37,38,Corabelle,Heaffey,cheaffey11@blogtalkradio.com,Female,174.244.78.17,41
38,39,Vassily,Niece,vniece12@ustream.tv,Male,103.38.146.32,48
39,40,Brnaba,Greeves,bgreeves13@xing.com,Male,11.158.29.73,5
40,41,Nikolos,Gascard,ngascard14@goo.ne.jp,Male,176.241.96.150,81
41,42,Lisa,Luetkemeyers,lluetkemeyers15@gravatar.com,Female,72.145.45.116,75
42,43,Ainslie,Ahrend,aahrend16@t.co,Bigender,241.46.219.228,29
43,44,Eveleen,Teck,eteck17@a8.net,Female,15.179.190.38,53
44,45,Skell,Pratton,spratton18@twitter.com,Male,227.1.127.152,42
45,46,Gerrie,Reddan,greddan19@nydailynews.com,Female,118.91.212.39,65
46,47,Farlie,Layne,flayne1a@qq.com,Male,223.224.84.102,23
47,48,Lindsay,Vaud,lvaud1b@wunderground.com,Male,51.106.71.32,38
48,49,Khalil,Baldwin,kbaldwin1c@bbc.co.uk,Male,203.62.233.185,8
49,50,Paddie,Babb,pbabb1d@dagondesign.com,Male,247.164.109.221,79
50,51,Jedd,Gownge,jgownge1e@nydailynews.com,Male,182.166.70.2,41
51,52,Rafael,Garci,rgarci1f@networksolutions.com,Male,49.171.161.222,83
52,53,Clevey,Houselee,chouselee1g@gnu.org,Male,32.156.70.180,20
53,54,Carr,Houlridge,choulridge1h@ehow.com,Male,220.5.85.189,43
54,55,Kaspar,Conybear,kconybear1i@mail.ru,Male,19.84.10.47,60
55,56,Genna,Yvon,gyvon1j@economist.com,Female,185.95.236.178,30
56,57,June,Downgate,jdowngate1k@amazon.co.uk,Female,149.3.58.98,53
57,58,Alejandro,Fleury,afleury1l@discuz.net,Male,225.101.152.240,93
58,59,Stanislas,Galton,sgalton1m@booking.com,Male,123.123.80.124,22
59,60,Myron,Nevison,mnevison1n@topsy.com,Male,142.78.194.132,43
60,61,Lenna,Preto,lpreto1o@unesco.org,Female,190.95.44.72,35
61,62,Dana,Kendrick,dkendrick1p@who.int,Bigender,58.16.216.33,66
62,63,Larine,Kehoe,lkehoe1q@mapy.cz,Bigender,66.231.171.228,7
63,64,Marcille,Govenlock,mgovenlock1r@multiply.com,Female,22.161.47.163,68
64,65,Christiane,O'Corrin,cocorrin1s@booking.com,Female,50.227.187.174,23
65,66,Mitchel,Esselen,messelen1t@uol.com.br,Male,32.63.0.29,67
66,67,Charmaine,Bauman,cbauman1u@usgs.gov,Female,241.64.228.248,73
67,68,Lou,Sustins,lsustins1v@gmpg.org,Female,141.193.29.62,95
68,69,Lenka,Pennick,lpennick1w@howstuffworks.com,Female,178.37.31.203,72
69,70,Judy,Brazener,jbrazener1x@patch.com,Female,226.155.168.171,78
70,71,Rikki,Braine,rbraine1y@lulu.com,Female,24.138.189.212,36
71,72,Poppy,Windham,pwindham1z@bbb.org,Female,234.63.127.158,97
72,73,Dotti,Garry,dgarry20@i2i.jp,Female,209.216.7.72,62
73,74,Doreen,Chesser,dchesser21@domainmarket.com,Female,130.101.123.94,85
74,75,Myron,Whimp,mwhimp22@aol.com,Male,60.128.8.199,42
75,76,Ignaz,Dangerfield,idangerfield23@bravesites.com,Male,28.57.41.14,5
76,77,Miof mela,Muscroft,mmuscroft24@ocn.ne.jp,Female,200.9.96.158,13
77,78,Ollie,Illingsworth,oillingsworth25@businesswire.com,Male,142.26.88.59,82
78,79,Tonnie,Wethey,twethey26@dyndns.org,Male,6.110.18.54,25
79,80,Mirabel,Doerr,mdoerr27@nationalgeographic.com,Female,27.184.33.229,62
80,81,Heinrick,Studdard,hstuddard28@netscape.com,Male,62.29.85.21,14
81,82,Evyn,Imlaw,eimlaw29@whitehouse.gov,Male,255.220.213.209,79
82,83,Neale,Codman,ncodman2a@surveymonkey.com,Male,141.218.198.200,26
83,84,Krishnah,Kelso,kkelso2b@freewebs.com,Male,168.117.9.168,21
84,85,Nefen,Sillis,nsillis2c@un.org,Male,149.164.143.136,9
85,86,Felike,Bendix,fbendix2d@twitter.com,Male,150.97.244.140,11
86,87,Melinde,Mycroft,mmycroft2e@reverbnation.com,Female,115.68.32.6,35
87,88,Tobe,Catcherside,tcatcherside2f@wp.com,Female,92.191.9.163,47
88,89,Kenn,Fleeming,kfleeming2g@hhs.gov,Male,214.124.64.120,87
89,90,Andreas,McGookin,amcgookin2h@people.com.cn,Male,160.24.111.59,27
90,91,Bill,Dullard,bdullard2i@twitter.com,Male,158.54.185.127,36
91,92,Abelard,Friatt,afriatt2j@cyberchimps.com,Male,42.27.254.32,63
92,93,Quinn,Waldron,qwaldron2k@google.fr,Female,233.189.195.10,13
93,94,Darcy,Jedrzejczyk,djedrzejczyk2l@taobao.com,Female,103.244.126.62,22
94,95,Libbie,Purves,lpurves2m@tripadvisor.com,Female,137.72.242.249,37
95,96,Shelby,Joynt,sjoynt2n@engadget.com,Male,80.11.4.180,37
96,97,Ben,Stuehmeier,bstuehmeier2o@utexas.edu,Male,77.141.194.132,21
97,98,Hershel,Duffet,hduffet2p@kickstarter.com,Male,34.89.251.201,62
98,99,Stefanie,Stanbury,sstanbury2q@netvibes.com,Female,217.120.195.151,65
99,100,Lyndel,Edis,ledis2r@bizjournals.com,Female,150.99.240.113,30
